Player Name,Runs,Balls Faced,Strike Rate,Sixes,Fours,Threes,Twos,Ones,Dot Balls,Dismissals,Caught Out,Bowled,Run Out,LBW,Retired Hurt,Stumped,Caught and Bowled,Hit Wicket,Obstructed Field 
SC Ganguly,1349.0,1326.0,101.73453996983407,42.0,137.0,3.0,54.0,427.0,662.0,54.0,37,9,3,2,0,2,1,0,0
BB McCullum,2435.0,1954.0,124.61617195496416,106.0,248.0,3.0,94.0,610.0,893.0,89.0,53,14,6,13,0,2,1,0,0
RT Ponting,91.0,129.0,70.54263565891473,2.0,5.0,0.0,6.0,47.0,69.0,8.0,5,0,0,1,0,1,1,0,0
DJ Hussey,1322.0,1101.0,120.07266121707536,60.0,90.0,2.0,72.0,452.0,425.0,49.0,32,9,6,1,0,1,0,0,0
Mohammad Hafeez,64.0,84.0,76.19047619047619,2.0,7.0,0.0,0.0,24.0,51.0,8.0,6,1,1,0,0,0,0,0,0
R Dravid,2174.0,1918.0,113.34723670490095,28.0,269.0,1.0,118.0,681.0,819.0,77.0,47,16,6,2,0,1,5,0,0
W Jaffer,130.0,129.0,100.77519379844959,3.0,14.0,1.0,6.0,41.0,64.0,7.0,7,0,0,0,0,0,0,0,0
V Kohli,4115.0,3237.0,127.12388013592829,149.0,361.0,10.0,222.0,1303.0,1192.0,115.0,68,23,13,6,0,3,2,0,0
JH Kallis,2427.0,2291.0,105.93627237014404,44.0,255.0,8.0,113.0,888.0,982.0,89.0,60,16,9,3,0,0,1,0,0
CL White,971.0,774.0,125.45219638242895,38.0,76.0,2.0,49.0,335.0,274.0,35.0,22,4,4,1,0,1,3,0,0
MV Boucher,394.0,318.0,123.89937106918238,13.0,32.0,1.0,29.0,127.0,116.0,15.0,8,3,2,2,0,0,0,0,0
B Akhil,76.0,57.0,133.33333333333331,5.0,5.0,0.0,5.0,16.0,26.0,7.0,3,1,2,1,0,0,0,0,0
AA Noffke,9.0,12.0,75.0,0.0,1.0,0.0,0.0,5.0,6.0,1.0,0,0,1,0,0,0,0,0,0
P Kumar,332.0,314.0,105.73248407643312,17.0,22.0,0.0,24.0,94.0,157.0,33.0,11,14,6,1,0,0,1,0,0
Z Khan,113.0,128.0,88.28125,2.0,11.0,0.0,7.0,43.0,65.0,14.0,5,5,3,0,0,0,1,0,0
SB Joshi,6.0,16.0,37.5,0.0,0.0,0.0,0.0,6.0,10.0,2.0,1,0,1,0,0,0,0,0,0
PA Patel,1927.0,1752.0,109.98858447488584,27.0,248.0,8.0,87.0,570.0,811.0,89.0,48,18,8,8,0,4,3,0,0
ML Hayden,1107.0,839.0,131.94278903456495,44.0,121.0,2.0,48.0,257.0,367.0,28.0,17,7,0,1,0,2,1,0,0
MEK Hussey,1977.0,1648.0,119.96359223300972,52.0,198.0,11.0,96.0,648.0,643.0,52.0,29,15,5,2,0,1,0,0,0
MS Dhoni,3270.0,2419.0,135.17982637453494,140.0,236.0,11.0,231.0,991.0,810.0,92.0,60,10,15,2,0,2,3,0,0
SK Raina,4106.0,3059.0,134.2268715266427,161.0,360.0,10.0,219.0,1227.0,1081.0,122.0,87,9,9,3,0,7,7,0,0
JDP Oram,106.0,110.0,96.36363636363636,5.0,6.0,0.0,3.0,46.0,50.0,8.0,5,2,0,0,0,0,1,0,0
S Badrinath,1441.0,1245.0,115.7429718875502,28.0,154.0,1.0,85.0,484.0,493.0,48.0,31,2,5,4,0,3,3,0,0
K Goel,218.0,239.0,91.21338912133892,9.0,17.0,1.0,11.0,71.0,130.0,14.0,7,2,3,1,0,1,0,0,0
JR Hopes,417.0,314.0,132.80254777070064,11.0,49.0,1.0,19.0,114.0,120.0,17.0,13,0,2,2,0,0,0,0,0
KC Sangakkara,1687.0,1424.0,118.46910112359552,27.0,195.0,5.0,81.0,563.0,552.0,69.0,40,14,6,2,0,3,4,0,0
Yuvraj Singh,2339.0,1862.0,125.61761546723952,133.0,175.0,3.0,103.0,626.0,822.0,90.0,70,6,3,5,0,3,2,1,0
SM Katich,241.0,191.0,126.1780104712042,8.0,26.0,1.0,15.0,56.0,85.0,10.0,6,2,2,0,0,0,0,0,0
IK Pathan,1148.0,982.0,116.90427698574335,38.0,88.0,2.0,76.0,405.0,372.0,52.0,30,8,9,1,0,3,1,0,0
T Kohli,11.0,20.0,55.00000000000001,1.0,0.0,0.0,0.0,5.0,14.0,3.0,2,0,1,0,0,0,0,0,0
YK Pathan,2779.0,1953.0,142.29390681003585,143.0,231.0,4.0,125.0,735.0,715.0,90.0,64,8,10,4,0,1,2,0,1
SR Watson,2557.0,1869.0,136.8111289459604,121.0,252.0,8.0,97.0,605.0,786.0,79.0,42,24,7,3,0,2,1,0,0
M Kaif,259.0,258.0,100.3875968992248,6.0,22.0,1.0,23.0,86.0,120.0,16.0,9,3,0,1,0,2,1,0,0
DS Lehmann,18.0,19.0,94.73684210526315,0.0,3.0,0.0,0.0,6.0,10.0,2.0,0,0,0,2,0,0,0,0,0
RA Jadeja,1574.0,1340.0,117.46268656716421,53.0,112.0,5.0,110.0,573.0,487.0,72.0,44,15,7,1,0,1,3,1,0
M Rawat,55.0,70.0,78.57142857142857,1.0,4.0,0.0,2.0,29.0,34.0,5.0,3,1,0,0,0,0,1,0,0
D Salunkhe,33.0,24.0,137.5,0.0,5.0,0.0,2.0,9.0,8.0,1.0,0,0,0,0,0,0,1,0,0
SK Warne,198.0,219.0,90.41095890410958,6.0,14.0,0.0,12.0,82.0,105.0,19.0,6,6,4,0,0,3,0,0,0
SK Trivedi,42.0,61.0,68.85245901639344,1.0,3.0,0.0,4.0,16.0,37.0,8.0,3,4,1,0,0,0,0,0,0
G Gambhir,3634.0,3028.0,120.01321003963012,51.0,422.0,15.0,222.0,1151.0,1167.0,117.0,66,25,13,7,0,2,4,0,0
V Sehwag,2728.0,1833.0,148.82705946535734,106.0,334.0,2.0,96.0,558.0,737.0,98.0,70,15,6,4,0,1,2,0,0
S Dhawan,3082.0,2622.0,117.5438596491228,62.0,348.0,14.0,147.0,972.0,1077.0,95.0,54,18,12,5,0,4,2,0,0
L Ronchi,34.0,37.0,91.8918918918919,1.0,6.0,0.0,0.0,4.0,26.0,3.0,2,0,1,0,0,0,0,0,0
ST Jayasuriya,768.0,573.0,134.03141361256544,39.0,84.0,7.0,22.0,128.0,292.0,29.0,19,2,2,5,0,0,1,0,0
DJ Thornely,39.0,54.0,72.2222222222222,2.0,2.0,0.0,0.0,19.0,31.0,3.0,0,1,0,1,1,0,0,0,0
RV Uthappa,3390.0,2721.0,124.58654906284454,104.0,341.0,11.0,182.0,990.0,1090.0,119.0,78,11,10,10,0,7,3,0,0
PR Shah,92.0,97.0,94.84536082474226,2.0,9.0,0.0,8.0,28.0,50.0,8.0,6,1,0,0,0,0,1,0,0
AM Nayar,672.0,588.0,114.28571428571428,20.0,55.0,1.0,47.0,230.0,234.0,39.0,21,4,9,5,0,0,0,0,0
SM Pollock,147.0,116.0,126.72413793103449,8.0,12.0,0.0,2.0,47.0,47.0,8.0,4,4,0,0,0,0,0,0,0
Harbhajan Singh,783.0,574.0,136.41114982578398,40.0,76.0,0.0,32.0,175.0,251.0,51.0,31,7,7,4,2,0,0,0,0
S Chanderpaul,25.0,33.0,75.75757575757575,0.0,4.0,0.0,0.0,9.0,20.0,3.0,3,0,0,0,0,0,0,0,0
LRPL Taylor,1017.0,847.0,120.07083825265644,46.0,66.0,3.0,62.0,334.0,334.0,41.0,24,6,3,5,0,1,2,0,0
AC Gilchrist,2069.0,1555.0,133.05466237942122,92.0,239.0,4.0,66.0,417.0,737.0,76.0,53,12,2,4,0,3,2,0,0
Y Venugopal Rao,985.0,865.0,113.8728323699422,37.0,77.0,1.0,53.0,341.0,355.0,42.0,24,8,9,1,0,0,0,0,0
VVS Laxman,282.0,271.0,104.0590405904059,5.0,33.0,0.0,10.0,100.0,123.0,16.0,9,2,1,1,1,0,2,0,0
A Symonds,974.0,781.0,124.71190781049937,41.0,74.0,4.0,66.0,288.0,308.0,26.0,14,7,3,0,0,2,0,0,0
RG Sharma,3874.0,2996.0,129.30574098798394,164.0,323.0,2.0,163.0,1261.0,1082.0,121.0,77,17,15,4,0,3,5,0,0
SB Styris,131.0,134.0,97.76119402985077,3.0,10.0,0.0,5.0,63.0,53.0,7.0,4,2,0,1,0,0,0,0,0
AS Yadav,49.0,40.0,122.5,2.0,5.0,0.0,2.0,13.0,18.0,7.0,4,1,2,0,0,0,0,0,0
SB Bangar,49.0,58.0,84.48275862068967,3.0,1.0,0.0,1.0,25.0,28.0,6.0,5,0,1,0,0,0,0,0,0
WPUJC Vaas,81.0,73.0,110.95890410958904,3.0,2.0,0.0,11.0,33.0,24.0,7.0,4,2,1,0,0,0,0,0,0
RP Singh,52.0,78.0,66.66666666666666,1.0,2.0,1.0,2.0,31.0,41.0,15.0,5,4,4,0,0,1,1,0,0
WP Saha,1323.0,1025.0,129.0731707317073,49.0,110.0,3.0,96.0,388.0,379.0,53.0,30,11,7,3,0,2,0,0,0
LR Shukla,405.0,358.0,113.12849162011172,16.0,33.0,0.0,20.0,137.0,152.0,29.0,16,6,4,2,0,1,0,0,0
DPMD Jayawardene,1808.0,1522.0,118.7910643889619,40.0,200.0,4.0,93.0,565.0,619.0,64.0,39,6,8,6,0,3,2,0,0
S Sohal,368.0,311.0,118.32797427652731,18.0,34.0,1.0,17.0,82.0,158.0,18.0,12,3,1,2,0,0,0,0,0
B Lee,124.0,102.0,121.56862745098042,8.0,8.0,0.0,4.0,36.0,46.0,10.0,6,1,3,0,0,0,0,0,0
PP Chawla,513.0,461.0,111.27982646420824,15.0,49.0,0.0,33.0,161.0,203.0,41.0,21,11,6,2,0,1,0,0,0
WA Mota,56.0,76.0,73.68421052631578,0.0,2.0,0.0,4.0,40.0,30.0,5.0,3,1,0,1,0,0,0,0,0
Kamran Akmal,128.0,78.0,164.1025641025641,8.0,13.0,0.0,4.0,20.0,33.0,4.0,3,0,1,0,0,0,0,0,0
Shahid Afridi,81.0,46.0,176.08695652173913,6.0,7.0,0.0,0.0,12.0,20.0,8.0,7,0,0,1,0,0,0,0,0
DJ Bravo,1262.0,1032.0,122.28682170542636,48.0,102.0,5.0,93.0,365.0,419.0,54.0,33,11,1,6,0,1,2,0,0
MA Khote,24.0,22.0,109.09090909090908,1.0,2.0,0.0,1.0,8.0,10.0,2.0,1,0,0,0,0,0,0,1,0
A Nehra,41.0,63.0,65.07936507936508,1.0,3.0,0.0,1.0,21.0,37.0,8.0,5,1,2,0,0,0,0,0,0
GC Smith,739.0,691.0,106.9464544138929,9.0,94.0,1.0,39.0,228.0,320.0,30.0,20,2,4,1,0,2,1,0,0
Pankaj Singh,7.0,12.0,58.33333333333334,0.0,0.0,0.0,1.0,5.0,6.0,2.0,1,1,0,0,0,0,0,0,0
RR Sarwan,73.0,78.0,93.58974358974359,1.0,6.0,0.0,6.0,31.0,34.0,3.0,2,1,0,0,0,0,0,0,0
S Sreesanth,34.0,57.0,59.649122807017534,0.0,6.0,0.0,2.0,6.0,43.0,3.0,1,1,0,1,0,0,0,0,0
VRV Singh,4.0,3.0,133.33333333333331,0.0,1.0,0.0,0.0,0.0,2.0,1.0,1,0,0,0,0,0,0,0,0
SS Tiwary,1224.0,1065.0,114.92957746478874,45.0,84.0,2.0,82.0,448.0,404.0,43.0,29,4,2,3,0,3,1,1,0
DS Kulkarni,89.0,99.0,89.89898989898991,2.0,6.0,1.0,7.0,36.0,47.0,8.0,0,3,3,1,0,0,1,0,0
R Vinay Kumar,304.0,285.0,106.66666666666669,9.0,20.0,0.0,31.0,108.0,117.0,26.0,13,10,2,0,0,1,0,0,0
AB Agarkar,179.0,160.0,111.875,5.0,13.0,0.0,15.0,67.0,60.0,8.0,6,0,1,0,0,0,1,0,0
M Kartik,113.0,109.0,103.6697247706422,1.0,7.0,1.0,8.0,60.0,32.0,7.0,2,1,2,0,0,0,2,0,0
I Sharma,37.0,46.0,80.43478260869566,1.0,2.0,0.0,3.0,17.0,23.0,5.0,1,1,2,0,0,0,1,0,0
AM Rahane,2675.0,2274.0,117.63412489006157,51.0,285.0,12.0,149.0,895.0,882.0,76.0,46,13,7,4,0,2,4,0,0
Shoaib Malik,52.0,49.0,106.12244897959185,0.0,5.0,0.0,4.0,24.0,16.0,4.0,3,1,0,0,0,0,0,0,0
MK Tiwary,1324.0,1202.0,110.14975041597336,28.0,121.0,7.0,64.0,503.0,475.0,49.0,25,9,6,5,0,3,1,0,0
KD Karthik,2542.0,2092.0,121.51051625239006,60.0,256.0,5.0,147.0,839.0,783.0,112.0,64,19,13,10,0,3,3,0,0
R Bhatia,326.0,273.0,119.41391941391943,12.0,24.0,1.0,22.0,111.0,103.0,28.0,16,5,4,0,0,1,2,0,0
MF Maharoof,177.0,124.0,142.74193548387098,9.0,12.0,0.0,16.0,43.0,44.0,10.0,4,3,2,0,0,1,0,0,0
VY Mahesh,15.0,28.0,53.57142857142857,0.0,0.0,0.0,2.0,11.0,15.0,2.0,1,1,0,0,0,0,0,0,0
TM Srivastava,8.0,11.0,72.72727272727273,0.0,0.0,1.0,0.0,5.0,5.0,1.0,1,0,0,0,0,0,0,0,0
B Chipli,280.0,256.0,109.375,7.0,28.0,4.0,7.0,100.0,110.0,16.0,10,4,1,1,0,0,0,0,0
DW Steyn,166.0,161.0,103.1055900621118,3.0,14.0,0.0,19.0,54.0,71.0,22.0,8,8,3,2,0,0,1,0,0
DB Das,304.0,267.0,113.85767790262173,16.0,23.0,0.0,12.0,92.0,124.0,12.0,4,4,0,3,0,0,1,0,0
MK Pandey,1827.0,1586.0,115.19546027742749,53.0,169.0,6.0,96.0,613.0,647.0,69.0,38,21,4,4,0,1,1,0,0
HH Gibbs,886.0,837.0,105.8542413381123,31.0,83.0,3.0,45.0,264.0,410.0,32.0,16,7,3,3,0,2,1,0,0
DNT Zoysa,11.0,9.0,122.22222222222223,0.0,1.0,0.0,2.0,3.0,3.0,1.0,0,1,0,0,0,0,0,0,0
D Kalyankrishna,3.0,8.0,37.5,0.0,0.0,0.0,0.0,3.0,5.0,1.0,1,0,0,0,0,0,0,0,0
SE Marsh,2225.0,1715.0,129.73760932944606,73.0,233.0,6.0,90.0,652.0,660.0,57.0,28,15,6,3,0,2,3,0,0
SA Asnodkar,423.0,352.0,120.17045454545456,10.0,56.0,0.0,17.0,105.0,164.0,19.0,11,1,5,1,0,0,0,1,0
Sohail Tanvir,36.0,31.0,116.12903225806451,1.0,3.0,0.0,2.0,14.0,11.0,3.0,2,1,0,0,0,0,0,0,0
Salman Butt,193.0,172.0,112.2093023255814,2.0,30.0,0.0,7.0,47.0,86.0,7.0,4,1,0,2,0,0,0,0,0
BJ Hodge,1400.0,1153.0,121.42237640936686,43.0,122.0,8.0,89.0,452.0,439.0,46.0,23,9,6,6,0,2,0,0,0
Umar Gul,39.0,19.0,205.26315789473685,5.0,1.0,0.0,0.0,5.0,8.0,3.0,2,0,1,0,0,0,0,0,0
AB Dinda,19.0,42.0,45.23809523809525,0.0,1.0,0.0,1.0,13.0,27.0,8.0,3,3,1,1,0,0,0,0,0
SP Fleming,196.0,171.0,114.61988304093565,3.0,27.0,2.0,11.0,42.0,86.0,9.0,5,2,1,1,0,0,0,0,0
S Vidyut,145.0,115.0,126.08695652173914,3.0,21.0,1.0,5.0,30.0,55.0,8.0,8,0,0,0,0,0,0,0,0
JA Morkel,975.0,712.0,136.93820224719101,55.0,61.0,1.0,55.0,288.0,252.0,40.0,25,10,4,0,0,0,1,0,0
AB de Villiers,3270.0,2231.0,146.57104437471986,142.0,275.0,12.0,182.0,918.0,702.0,78.0,48,17,3,6,0,3,1,0,0
LPC Silva,40.0,27.0,148.14814814814815,1.0,5.0,0.0,3.0,8.0,10.0,2.0,2,0,0,0,0,0,0,0,0
DB Ravi Teja,375.0,325.0,115.38461538461536,9.0,35.0,3.0,18.0,136.0,124.0,20.0,9,5,2,2,0,1,1,0,0
Misbah-ul-Haq,117.0,82.0,142.68292682926833,6.0,10.0,0.0,6.0,29.0,31.0,9.0,4,0,2,2,0,0,0,1,0
YV Takawale,192.0,183.0,104.91803278688525,3.0,26.0,0.0,12.0,41.0,100.0,8.0,4,2,0,2,0,0,0,0,0
RR Raje,20.0,18.0,111.11111111111113,1.0,1.0,0.0,0.0,10.0,6.0,1.0,0,1,0,0,0,0,0,0,0
PJ Sangwan,22.0,32.0,68.75,0.0,1.0,0.0,3.0,12.0,16.0,4.0,2,1,1,0,0,0,0,0,0
Mohammad Asif,3.0,6.0,50.0,0.0,0.0,0.0,0.0,3.0,3.0,2.0,1,0,1,0,0,0,0,0,0
GD McGrath,4.0,5.0,80.0,0.0,1.0,0.0,0.0,0.0,4.0,1.0,1,0,0,0,0,0,0,0,0
Joginder Sharma,36.0,30.0,120.0,2.0,1.0,0.0,3.0,14.0,10.0,4.0,1,1,1,0,0,0,1,0,0
MS Gony,99.0,76.0,130.26315789473685,8.0,6.0,0.0,4.0,19.0,39.0,9.0,4,4,1,0,0,0,0,0,0
M Muralitharan,20.0,30.0,66.66666666666666,0.0,1.0,1.0,2.0,9.0,17.0,6.0,2,1,2,1,0,0,0,0,0
M Ntini,11.0,19.0,57.89473684210528,0.0,2.0,0.0,1.0,1.0,15.0,1.0,0,1,0,0,0,0,0,0,0
DT Patil,13.0,13.0,100.0,0.0,1.0,0.0,2.0,5.0,5.0,1.0,1,0,0,0,0,0,0,0,0
A Kumble,35.0,49.0,71.42857142857143,0.0,3.0,0.0,1.0,21.0,24.0,2.0,1,1,0,0,0,0,0,0,0
S Anirudha,136.0,121.0,112.39669421487604,7.0,9.0,0.0,7.0,44.0,54.0,8.0,4,1,0,2,0,1,0,0,0
MM Patel,39.0,40.0,97.5,0.0,5.0,0.0,1.0,17.0,17.0,4.0,2,0,1,1,0,0,0,0,0
CK Kapugedera,16.0,24.0,66.66666666666666,0.0,0.0,0.0,2.0,12.0,10.0,3.0,3,0,0,0,0,0,0,0,0
A Chopra,53.0,75.0,70.66666666666667,0.0,7.0,0.0,2.0,21.0,45.0,5.0,2,0,1,1,0,1,0,0,0
T Taibu,31.0,26.0,119.23076923076924,0.0,3.0,0.0,5.0,9.0,9.0,3.0,2,0,1,0,0,0,0,0,0
J Arunkumar,23.0,24.0,95.83333333333334,0.0,5.0,0.0,0.0,3.0,16.0,3.0,2,0,1,0,0,0,0,0,0
PP Ojha,16.0,45.0,35.555555555555564,0.0,0.0,0.0,1.0,14.0,30.0,10.0,5,3,2,0,0,0,0,0,0
SP Goswami,241.0,260.0,92.69230769230772,2.0,26.0,1.0,15.0,92.0,124.0,15.0,12,2,1,0,0,0,0,0,0
SR Tendulkar,2334.0,2044.0,114.18786692759295,29.0,296.0,7.0,117.0,721.0,874.0,71.0,36,12,8,8,2,3,2,0,0
U Kaul,0.0,1.0,0.0,0.0,0.0,0.0,0.0,0.0,1.0,0.0,0,0,0,0,0,0,0,0,0
TM Dilshan,1153.0,1047.0,110.12416427889208,24.0,140.0,2.0,54.0,335.0,492.0,41.0,24,11,2,3,0,1,0,0,0
A Mishra,291.0,326.0,89.2638036809816,3.0,25.0,0.0,17.0,139.0,142.0,27.0,8,8,9,1,0,0,1,0,0
AD Mascarenhas,79.0,79.0,100.0,1.0,5.0,0.0,9.0,35.0,29.0,10.0,4,3,3,0,0,0,0,0,0
NK Patel,121.0,124.0,97.58064516129032,1.0,14.0,1.0,9.0,38.0,61.0,5.0,2,2,1,0,0,0,0,0,0
LA Pomersbach,302.0,251.0,120.3187250996016,13.0,25.0,1.0,18.0,85.0,109.0,11.0,5,4,1,0,0,0,1,0,0
Iqbal Abdulla,83.0,79.0,105.06329113924049,1.0,9.0,0.0,5.0,31.0,33.0,1.0,1,0,0,0,0,0,0,0,0
Younis Khan,3.0,7.0,42.857142857142854,0.0,0.0,0.0,0.0,3.0,4.0,1.0,0,1,0,0,0,0,0,0,0
PM Sarvesh Kumar,1.0,2.0,50.0,0.0,0.0,0.0,0.0,1.0,1.0,0.0,0,0,0,0,0,0,0,0,0
DP Vijaykumar,1.0,1.0,100.0,0.0,0.0,0.0,0.0,1.0,0.0,0.0,0,0,0,0,0,0,0,0,0
Shoaib Akhtar,2.0,8.0,25.0,0.0,0.0,0.0,0.0,2.0,6.0,1.0,1,0,0,0,0,0,0,0,0
Abdur Razzak,0.0,2.0,0.0,0.0,0.0,0.0,0.0,0.0,2.0,0.0,0,0,0,0,0,0,0,0,0
H Das,2.0,5.0,40.0,0.0,0.0,0.0,0.0,2.0,3.0,1.0,0,0,1,0,0,0,0,0,0
DR Smith,2146.0,1645.0,130.45592705167172,109.0,213.0,3.0,78.0,470.0,771.0,71.0,42,16,1,11,0,0,1,0,0
SD Chitnis,99.0,92.0,107.6086956521739,2.0,10.0,0.0,5.0,37.0,38.0,7.0,6,0,1,0,0,0,0,0,0
CRD Fernando,4.0,3.0,133.33333333333331,0.0,0.0,0.0,1.0,2.0,0.0,1.0,0,0,1,0,0,0,0,0,0
VS Yeligati,2.0,2.0,100.0,0.0,0.0,0.0,1.0,0.0,1.0,1.0,0,0,1,0,0,0,0,0,0
L Balaji,36.0,50.0,72.0,1.0,2.0,1.0,2.0,15.0,29.0,7.0,3,1,1,2,0,0,0,0,0
A Mukund,19.0,23.0,82.6086956521739,0.0,1.0,0.0,2.0,11.0,9.0,2.0,0,2,0,0,0,0,0,0,0
RR Powar,67.0,64.0,104.6875,1.0,6.0,0.0,7.0,23.0,27.0,3.0,0,2,1,0,0,0,0,0,0
JP Duminy,1993.0,1634.0,121.97062423500613,78.0,123.0,6.0,123.0,769.0,535.0,48.0,30,10,3,1,0,1,3,0,0
A Flintoff,62.0,57.0,108.77192982456141,2.0,5.0,1.0,2.0,23.0,24.0,2.0,1,0,0,0,0,0,1,0,0
T Thushara,12.0,19.0,63.157894736842096,0.0,0.0,0.0,3.0,6.0,10.0,2.0,1,0,1,0,0,0,0,0,0
JD Ryder,604.0,466.0,129.6137339055794,19.0,69.0,3.0,30.0,145.0,200.0,29.0,17,7,3,0,0,1,1,0,0
KP Pietersen,1001.0,758.0,132.05804749340368,40.0,91.0,4.0,48.0,284.0,290.0,29.0,12,8,3,2,1,3,0,0,0
T Henderson,11.0,16.0,68.75,1.0,0.0,0.0,1.0,3.0,11.0,1.0,0,1,0,0,0,0,0,0,0
Kamran Khan,3.0,5.0,60.0,0.0,0.0,0.0,1.0,1.0,3.0,1.0,1,0,0,0,0,0,0,0,0
RS Bopara,531.0,468.0,113.46153846153842,16.0,39.0,7.0,27.0,204.0,175.0,19.0,13,1,2,3,0,0,0,0,0
CH Gayle,3451.0,2360.0,146.22881355932202,252.0,282.0,3.0,67.0,668.0,1088.0,81.0,47,22,2,6,0,2,2,0,0
MC Henriques,692.0,564.0,122.69503546099293,23.0,59.0,1.0,47.0,221.0,213.0,29.0,17,3,2,2,0,3,2,0,0
R Bishnoi,19.0,17.0,111.76470588235294,2.0,1.0,0.0,0.0,3.0,11.0,3.0,2,0,1,0,0,0,0,0,0
FH Edwards,4.0,5.0,80.0,0.0,0.0,1.0,0.0,1.0,3.0,1.0,0,1,0,0,0,0,0,0,0
KV Sharma,268.0,243.0,110.28806584362141,12.0,13.0,1.0,21.0,99.0,97.0,15.0,12,0,2,1,0,0,0,0,0
PC Valthaty,505.0,432.0,116.89814814814814,20.0,61.0,0.0,20.0,101.0,230.0,22.0,18,3,1,0,0,0,0,0,0
RJ Quiney,103.0,105.0,98.09523809523807,3.0,12.0,1.0,2.0,30.0,57.0,7.0,4,1,0,2,0,0,0,0,0
AS Raut,194.0,172.0,112.7906976744186,7.0,13.0,3.0,9.0,73.0,67.0,11.0,3,2,4,1,0,1,0,0,0
Yashpal Singh,47.0,67.0,70.1492537313433,0.0,5.0,1.0,2.0,20.0,39.0,4.0,4,0,0,0,0,0,0,0,0
M Manhas,514.0,486.0,105.76131687242798,10.0,43.0,1.0,44.0,191.0,197.0,24.0,14,6,3,0,0,0,1,0,0
AA Bilakhia,69.0,88.0,78.4090909090909,0.0,5.0,0.0,9.0,31.0,43.0,5.0,2,0,0,2,0,1,0,0,0
AN Ghosh,7.0,8.0,87.5,0.0,1.0,0.0,1.0,1.0,5.0,2.0,2,0,0,0,0,0,0,0,0
BAW Mendis,3.0,6.0,50.0,0.0,0.0,0.0,0.0,3.0,3.0,2.0,0,1,0,1,0,0,0,0,0
DL Vettori,121.0,118.0,102.54237288135592,2.0,11.0,1.0,4.0,54.0,46.0,7.0,1,4,1,0,0,0,1,0,0
MN van Wyk,167.0,135.0,123.70370370370372,1.0,19.0,1.0,12.0,58.0,44.0,3.0,2,1,0,0,0,0,0,0,0
RE van der Merwe,159.0,144.0,110.41666666666669,8.0,11.0,2.0,4.0,53.0,66.0,12.0,5,2,2,0,0,3,0,0,0
TL Suman,676.0,587.0,115.1618398637138,26.0,55.0,3.0,43.0,205.0,255.0,30.0,22,3,1,2,0,0,2,0,0
Shoaib Ahmed,1.0,6.0,16.666666666666664,0.0,0.0,0.0,0.0,1.0,5.0,2.0,1,0,1,0,0,0,0,0,0
GR Napier,15.0,16.0,93.75,0.0,1.0,0.0,3.0,5.0,7.0,1.0,1,0,0,0,0,0,0,0,0
KP Appanna,2.0,4.0,50.0,0.0,0.0,0.0,0.0,2.0,2.0,1.0,0,0,1,0,0,0,0,0,0
LA Carseldine,81.0,71.0,114.08450704225352,0.0,11.0,2.0,4.0,23.0,31.0,3.0,0,0,1,1,0,1,0,0,0
NV Ojha,1474.0,1286.0,114.61897356143079,76.0,119.0,8.0,55.0,408.0,620.0,69.0,51,9,4,2,0,2,1,0,0
SM Harwood,9.0,14.0,64.28571428571429,0.0,0.0,0.0,2.0,5.0,7.0,0.0,0,0,0,0,0,0,0,0,0
M Vijay,2511.0,2092.0,120.02868068833652,89.0,237.0,17.0,155.0,663.0,930.0,91.0,48,19,8,9,0,4,3,0,0
SB Jakati,28.0,30.0,93.33333333333331,0.0,3.0,0.0,1.0,14.0,12.0,2.0,1,0,1,0,0,0,0,0,0
DA Warner,3373.0,2440.0,138.2377049180328,134.0,338.0,11.0,177.0,830.0,950.0,91.0,56,17,8,3,0,4,2,1,0
RJ Harris,117.0,112.0,104.46428571428572,3.0,6.0,1.0,16.0,40.0,46.0,12.0,9,2,0,1,0,0,0,0,0
D du Preez,10.0,13.0,76.92307692307693,0.0,0.0,0.0,2.0,6.0,5.0,1.0,1,0,0,0,0,0,0,0,0
M Morkel,126.0,93.0,135.48387096774192,5.0,11.0,1.0,8.0,33.0,35.0,11.0,6,3,1,0,0,1,0,0,0
AD Mathews,692.0,571.0,121.19089316987741,28.0,42.0,3.0,46.0,255.0,197.0,29.0,19,3,4,2,0,1,0,0,0
J Botha,409.0,364.0,112.36263736263737,5.0,39.0,2.0,37.0,143.0,138.0,22.0,9,4,4,3,0,0,2,0,0
C Nanda,0.0,1.0,0.0,0.0,0.0,0.0,0.0,0.0,1.0,1.0,0,0,1,0,0,0,0,0,0
SL Malinga,81.0,100.0,81.0,4.0,6.0,0.0,1.0,31.0,58.0,11.0,5,5,1,0,0,0,0,0,0
Mashrafe Mortaza,2.0,2.0,100.0,0.0,0.0,0.0,1.0,0.0,1.0,0.0,0,0,0,0,0,0,0,0,0
A Singh,2.0,10.0,20.0,0.0,0.0,0.0,0.0,2.0,8.0,4.0,0,2,0,0,0,1,1,0,0
GJ Bailey,663.0,552.0,120.1086956521739,19.0,59.0,1.0,44.0,222.0,207.0,29.0,16,4,6,1,0,2,0,0,0
AB McDonald,123.0,103.0,119.41747572815531,4.0,9.0,1.0,9.0,42.0,38.0,5.0,3,1,0,0,0,0,1,0,0
Y Nagar,285.0,271.0,105.16605166051659,9.0,20.0,2.0,18.0,109.0,113.0,15.0,8,3,2,2,0,0,0,0,0
SS Shaikh,6.0,7.0,85.71428571428571,0.0,1.0,0.0,0.0,2.0,4.0,0.0,0,0,0,0,0,0,0,0,0
R Ashwin,231.0,246.0,93.90243902439023,2.0,22.0,0.0,14.0,103.0,105.0,20.0,14,2,2,0,0,1,1,0,0
Mohammad Ashraful,2.0,12.0,16.666666666666664,0.0,0.0,0.0,0.0,2.0,10.0,1.0,1,0,0,0,0,0,0,0,0
CA Pujara,390.0,403.0,96.77419354838707,4.0,50.0,1.0,15.0,133.0,200.0,18.0,12,4,1,1,0,0,0,0,0
OA Shah,506.0,405.0,124.93827160493828,23.0,34.0,2.0,29.0,168.0,149.0,13.0,5,3,3,0,0,2,0,0,0
Anirudh Singh,63.0,69.0,91.30434782608695,1.0,6.0,0.0,5.0,23.0,34.0,4.0,2,1,0,0,0,0,1,0,0
Jaskaran Singh,8.0,11.0,72.72727272727273,0.0,0.0,0.0,2.0,4.0,5.0,2.0,1,0,1,0,0,0,0,0,0
AP Tare,321.0,260.0,123.46153846153848,11.0,37.0,1.0,18.0,68.0,125.0,21.0,16,3,1,0,0,0,1,0,0
AT Rayudu,2325.0,1884.0,123.4076433121019,76.0,198.0,1.0,128.0,818.0,663.0,82.0,51,12,6,3,0,6,4,0,0
R Sathish,270.0,236.0,114.40677966101696,6.0,22.0,3.0,24.0,89.0,92.0,16.0,9,3,2,1,0,1,0,0,0
R McLaren,159.0,178.0,89.3258426966292,1.0,14.0,1.0,8.0,78.0,76.0,8.0,2,2,2,2,0,0,0,0,0
AA Jhunjhunwala,217.0,218.0,99.54128440366972,5.0,19.0,1.0,13.0,82.0,98.0,14.0,8,2,4,0,0,0,0,0,0
P Dogra,127.0,141.0,90.0709219858156,5.0,4.0,1.0,10.0,58.0,63.0,12.0,4,2,5,0,0,1,0,0,0
A Uniyal,4.0,7.0,57.14285714285714,0.0,0.0,0.0,0.0,4.0,3.0,1.0,0,1,0,0,0,0,0,0,0
MS Bisla,798.0,737.0,108.2767978290366,23.0,93.0,3.0,36.0,207.0,375.0,37.0,18,9,4,2,0,4,0,0,0
YA Abdulla,0.0,1.0,0.0,0.0,0.0,0.0,0.0,0.0,1.0,0.0,0,0,0,0,0,0,0,0,0
EJG Morgan,789.0,663.0,119.00452488687785,32.0,66.0,3.0,49.0,226.0,287.0,34.0,21,6,4,2,0,1,0,0,0
JM Kemp,26.0,25.0,104.0,1.0,1.0,1.0,2.0,9.0,11.0,2.0,0,1,0,0,0,1,0,0,0
S Tyagi,3.0,4.0,75.0,0.0,0.0,0.0,0.0,3.0,1.0,0.0,0,0,0,0,0,0,0,0,0
RS Gavaskar,2.0,8.0,25.0,0.0,0.0,0.0,0.0,2.0,6.0,1.0,1,0,0,0,0,0,0,0,0
SE Bond,1.0,2.0,50.0,0.0,0.0,0.0,0.0,1.0,1.0,1.0,0,1,0,0,0,0,0,0,0
KA Pollard,1959.0,1380.0,141.95652173913044,125.0,131.0,5.0,94.0,482.0,543.0,71.0,47,12,6,5,0,1,0,0,0
S Ladda,0.0,10.0,0.0,0.0,0.0,0.0,0.0,0.0,10.0,2.0,0,0,2,0,0,0,0,0,0
DP Nannes,4.0,13.0,30.76923076923077,0.0,0.0,0.0,0.0,4.0,9.0,1.0,0,1,0,0,0,0,0,0,0
MJ Lumb,278.0,198.0,140.40404040404042,6.0,45.0,1.0,9.0,41.0,96.0,10.0,6,1,0,1,0,2,0,0,0
DR Martyn,19.0,26.0,73.07692307692307,0.0,1.0,0.0,0.0,15.0,10.0,2.0,0,1,1,0,0,0,0,0,0
S Narwal,37.0,29.0,127.58620689655173,0.0,6.0,0.0,2.0,9.0,12.0,4.0,3,0,1,0,0,0,0,0,0
AB Barath,42.0,43.0,97.67441860465117,1.0,5.0,0.0,1.0,14.0,22.0,2.0,1,0,0,1,0,0,0,0,0
Bipul Sharma,156.0,99.0,157.57575757575756,8.0,9.0,0.0,14.0,44.0,24.0,5.0,3,1,1,0,0,0,0,0,0
FY Fazal,183.0,179.0,102.23463687150836,1.0,22.0,0.0,7.0,75.0,74.0,9.0,4,0,3,2,0,0,0,0,0
AC Voges,181.0,143.0,126.57342657342659,3.0,15.0,2.0,18.0,61.0,44.0,6.0,4,0,2,0,0,0,0,0,0
MD Mishra,237.0,213.0,111.26760563380286,8.0,24.0,0.0,14.0,65.0,102.0,15.0,7,2,1,3,0,2,0,0,0
UT Yadav,84.0,82.0,102.43902439024393,3.0,8.0,0.0,2.0,30.0,39.0,8.0,3,3,1,0,0,1,0,0,0
J Theron,10.0,13.0,76.92307692307693,0.0,1.0,0.0,0.0,6.0,6.0,2.0,1,0,1,0,0,0,0,0,0
SJ Srivastava,5.0,5.0,100.0,0.0,0.0,0.0,1.0,3.0,1.0,1.0,0,1,0,0,0,0,0,0,0
R Sharma,66.0,77.0,85.71428571428571,3.0,5.0,0.0,7.0,14.0,48.0,11.0,6,4,1,0,0,0,0,0,0
Mandeep Singh,924.0,760.0,121.57894736842104,14.0,113.0,2.0,60.0,257.0,313.0,46.0,30,7,4,2,0,2,1,0,0
KM Jadhav,626.0,490.0,127.75510204081631,23.0,47.0,1.0,37.0,223.0,159.0,26.0,18,1,3,1,0,1,2,0,0
SW Tait,23.0,26.0,88.46153846153845,1.0,1.0,0.0,0.0,13.0,11.0,3.0,0,2,0,0,0,1,0,0,0
KB Arun Karthik,51.0,53.0,96.22641509433964,1.0,4.0,1.0,3.0,20.0,24.0,5.0,2,1,1,0,0,1,0,0,0
KAJ Roach,10.0,9.0,111.11111111111113,0.0,1.0,0.0,1.0,4.0,3.0,1.0,0,1,0,0,0,0,0,0,0
PD Collingwood,203.0,159.0,127.67295597484276,13.0,9.0,1.0,10.0,66.0,60.0,4.0,2,0,1,1,0,0,0,0,0
CK Langeveldt,8.0,9.0,88.88888888888891,1.0,0.0,0.0,0.0,2.0,6.0,2.0,0,2,0,0,0,0,0,0,0
VS Malik,7.0,7.0,100.0,0.0,1.0,0.0,0.0,3.0,3.0,1.0,0,1,0,0,0,0,0,0,0
A Mithun,34.0,26.0,130.76923076923077,1.0,4.0,0.0,2.0,8.0,11.0,5.0,4,1,0,0,0,0,0,0,0
AP Dole,34.0,23.0,147.82608695652172,1.0,3.0,0.0,4.0,8.0,7.0,2.0,2,0,0,0,0,0,0,0,0
AN Ahmed,36.0,27.0,133.33333333333331,1.0,4.0,0.0,3.0,8.0,11.0,1.0,0,1,0,0,0,0,0,0,0
RS Sodhi,4.0,2.0,200.0,0.0,1.0,0.0,0.0,0.0,1.0,0.0,0,0,0,0,0,0,0,0,0
DE Bollinger,21.0,23.0,91.30434782608695,1.0,1.0,0.0,1.0,9.0,11.0,1.0,1,0,0,0,0,0,0,0,0
S Sriram,31.0,38.0,81.57894736842105,0.0,3.0,0.0,2.0,15.0,18.0,2.0,1,1,0,0,0,0,0,0,0
B Sumanth,35.0,38.0,92.10526315789473,0.0,3.0,0.0,3.0,17.0,15.0,1.0,0,1,0,0,0,0,0,0,0
C Madan,15.0,21.0,71.42857142857143,0.0,3.0,0.0,0.0,3.0,15.0,1.0,1,0,0,0,0,0,0,0,0
AG Paunikar,49.0,61.0,80.327868852459,0.0,9.0,0.0,2.0,9.0,41.0,5.0,3,1,0,0,0,1,0,0,0
MR Marsh,225.0,201.0,111.94029850746269,14.0,9.0,0.0,11.0,83.0,84.0,12.0,7,4,1,0,0,0,0,0,0
AJ Finch,1304.0,1080.0,120.74074074074076,40.0,145.0,3.0,62.0,351.0,479.0,46.0,23,15,2,2,1,2,1,0,0
STR Binny,688.0,542.0,126.9372693726937,26.0,53.0,6.0,45.0,212.0,200.0,32.0,19,4,4,3,0,2,0,0,0
Harmeet Singh,18.0,12.0,150.0,0.0,3.0,0.0,2.0,2.0,5.0,2.0,1,0,0,1,0,0,0,0,0
IR Jaggi,43.0,60.0,71.66666666666667,0.0,3.0,1.0,4.0,20.0,32.0,4.0,3,1,0,0,0,0,0,0,0
DT Christian,341.0,299.0,114.0468227424749,13.0,17.0,2.0,21.0,147.0,99.0,17.0,9,4,0,3,0,1,0,0,0
RV Gomez,50.0,53.0,94.33962264150944,1.0,5.0,0.0,4.0,16.0,27.0,7.0,3,1,2,1,0,0,0,0,0
MA Agarwal,788.0,663.0,118.85369532428356,33.0,79.0,0.0,25.0,219.0,306.0,44.0,29,9,1,2,0,2,1,0,0
AUK Pathan,39.0,26.0,150.0,2.0,5.0,0.0,2.0,3.0,14.0,5.0,2,2,0,1,0,0,0,0,0
UBT Chand,300.0,314.0,95.54140127388537,9.0,32.0,0.0,15.0,88.0,170.0,20.0,13,6,0,0,0,1,0,0,0
DJ Jacobs,92.0,101.0,91.0891089108911,4.0,10.0,0.0,3.0,22.0,62.0,7.0,1,6,0,0,0,0,0,0,0
Sunny Singh,43.0,31.0,138.70967741935485,1.0,6.0,0.0,1.0,11.0,12.0,4.0,3,0,1,0,0,0,0,0,0
NJ Rimmington,1.0,1.0,100.0,0.0,0.0,0.0,0.0,1.0,0.0,0.0,0,0,0,0,0,0,0,0,0
AL Menaria,401.0,367.0,109.26430517711172,18.0,24.0,0.0,24.0,149.0,152.0,22.0,15,3,2,0,0,0,2,0,0
WD Parnell,63.0,80.0,78.75,1.0,4.0,0.0,5.0,31.0,39.0,9.0,4,2,3,0,0,0,0,0,0
JJ van der Wath,18.0,17.0,105.88235294117649,1.0,1.0,0.0,1.0,6.0,8.0,2.0,1,0,0,1,0,0,0,0,0
R Ninan,3.0,6.0,50.0,0.0,0.0,0.0,0.0,3.0,3.0,1.0,1,0,0,0,0,0,0,0,0
S Aravind,27.0,19.0,142.10526315789474,0.0,5.0,0.0,0.0,7.0,7.0,0.0,0,0,0,0,0,0,0,0,0
MS Wade,22.0,33.0,66.66666666666666,0.0,0.0,0.0,4.0,14.0,15.0,3.0,0,2,0,1,0,0,0,0,0
TD Paine,10.0,29.0,34.48275862068966,0.0,0.0,0.0,0.0,10.0,19.0,2.0,1,1,0,0,0,0,0,0,0
SB Wagh,2.0,3.0,66.66666666666666,0.0,0.0,0.0,1.0,0.0,2.0,2.0,1,0,1,0,0,0,0,0,0
AC Thomas,20.0,19.0,105.26315789473685,1.0,1.0,0.0,1.0,8.0,8.0,2.0,0,1,1,0,0,0,0,0,0
JEC Franklin,327.0,309.0,105.8252427184466,9.0,25.0,0.0,22.0,129.0,124.0,11.0,10,1,0,0,0,0,0,0,0
Shakib Al Hasan,499.0,400.0,124.75,15.0,44.0,0.0,32.0,169.0,140.0,25.0,14,6,4,0,0,0,1,0,0
DH Yagnik,170.0,142.0,119.71830985915493,2.0,23.0,0.0,11.0,44.0,62.0,9.0,3,4,0,0,0,0,2,0,0
S Randiv,2.0,4.0,50.0,0.0,0.0,0.0,1.0,0.0,3.0,1.0,1,0,0,0,0,0,0,0,0
BJ Haddin,18.0,11.0,163.63636363636363,1.0,2.0,0.0,1.0,2.0,5.0,1.0,1,0,0,0,0,0,0,0,0
NLTC Perera,424.0,326.0,130.06134969325154,26.0,23.0,1.0,26.0,121.0,129.0,24.0,17,4,3,0,0,0,0,0,0
NL McCullum,26.0,23.0,113.04347826086956,1.0,0.0,1.0,4.0,9.0,8.0,3.0,1,0,2,0,0,0,0,0,0
JE Taylor,3.0,4.0,75.0,0.0,0.0,0.0,1.0,1.0,2.0,0.0,0,0,0,0,0,0,0,0,0
J Syed Mohammad,29.0,27.0,107.40740740740742,0.0,4.0,0.0,1.0,11.0,11.0,2.0,2,0,0,0,0,0,0,0,0
RN ten Doeschate,326.0,238.0,136.97478991596643,15.0,26.0,0.0,15.0,102.0,80.0,17.0,6,1,5,5,0,0,0,0,0
TR Birt,75.0,59.0,127.1186440677966,2.0,9.0,0.0,6.0,15.0,27.0,5.0,4,1,0,0,0,0,0,0,0
AG Murtaza,10.0,14.0,71.42857142857143,0.0,1.0,0.0,0.0,6.0,7.0,1.0,0,0,0,0,0,1,0,0,0
Harpreet Singh,20.0,26.0,76.92307692307693,0.0,0.0,0.0,2.0,16.0,8.0,2.0,1,0,0,0,0,0,1,0,0
M Klinger,73.0,78.0,93.58974358974359,0.0,9.0,1.0,2.0,30.0,36.0,4.0,2,1,0,1,0,0,0,0,0
AC Blizzard,120.0,91.0,131.86813186813185,2.0,21.0,1.0,2.0,17.0,48.0,7.0,6,1,0,0,0,0,0,0,0
I Malhotra,7.0,4.0,175.0,0.0,1.0,0.0,0.0,3.0,0.0,0.0,0,0,0,0,0,0,0,0,0
L Ablish,0.0,2.0,0.0,0.0,0.0,0.0,0.0,0.0,2.0,0.0,0,0,0,0,0,0,0,0,0
CA Ingram,21.0,26.0,80.76923076923076,0.0,2.0,0.0,1.0,11.0,12.0,2.0,1,1,0,0,0,0,0,0,0
S Nadeem,24.0,62.0,38.709677419354854,0.0,1.0,0.0,3.0,14.0,44.0,11.0,4,3,4,0,0,0,0,0,0
P Parameswaran,1.0,3.0,33.33333333333333,0.0,0.0,0.0,0.0,1.0,2.0,0.0,0,0,0,0,0,0,0,0,0
CJ Ferguson,98.0,119.0,82.35294117647058,0.0,9.0,0.0,10.0,42.0,58.0,6.0,1,0,1,1,0,1,2,0,0
VR Aaron,42.0,45.0,93.33333333333331,2.0,2.0,0.0,3.0,16.0,22.0,2.0,0,1,1,0,0,0,0,0,0
AA Chavan,12.0,11.0,109.09090909090908,0.0,2.0,0.0,0.0,4.0,5.0,1.0,1,0,0,0,0,0,0,0,0
ND Doshi,0.0,13.0,0.0,0.0,0.0,0.0,0.0,0.0,13.0,1.0,1,0,0,0,0,0,0,0,0
B Kumar,154.0,156.0,98.71794871794873,3.0,15.0,0.0,13.0,50.0,75.0,17.0,9,6,1,1,0,0,0,0,0
Y Gnaneswara Rao,19.0,18.0,105.55555555555556,0.0,3.0,0.0,1.0,5.0,9.0,1.0,0,0,0,0,0,0,1,0,0
S Rana,91.0,82.0,110.97560975609757,1.0,9.0,0.0,10.0,29.0,33.0,5.0,1,3,1,0,0,0,0,0,0
BA Bhatt,6.0,7.0,85.71428571428571,1.0,0.0,0.0,0.0,0.0,6.0,0.0,0,0,0,0,0,0,0,0,0
F du Plessis,1287.0,1036.0,124.22779922779922,38.0,109.0,8.0,75.0,449.0,357.0,38.0,20,9,3,0,0,4,2,0,0
RE Levi,83.0,74.0,112.1621621621622,4.0,10.0,0.0,0.0,19.0,41.0,6.0,1,4,0,0,0,1,0,0,0
GJ Maxwell,919.0,594.0,154.71380471380468,56.0,76.0,0.0,50.0,179.0,233.0,40.0,27,8,1,3,0,0,1,0,0
SPD Smith,1241.0,933.0,133.01178992497321,33.0,113.0,4.0,87.0,405.0,291.0,38.0,21,7,7,1,0,0,2,0,0
MN Samuels,132.0,142.0,92.95774647887323,5.0,8.0,0.0,9.0,52.0,68.0,9.0,3,4,2,0,0,0,0,0,0
SA Yadav,503.0,390.0,128.97435897435898,18.0,46.0,2.0,28.0,149.0,147.0,23.0,16,3,1,2,0,0,1,0,0
KK Cooper,116.0,70.0,165.71428571428572,8.0,9.0,0.0,8.0,16.0,29.0,9.0,7,1,0,0,0,1,0,0,0
JP Faulkner,473.0,346.0,136.7052023121387,23.0,32.0,0.0,35.0,137.0,119.0,23.0,16,4,2,0,0,0,1,0,0
HV Patel,47.0,38.0,123.68421052631581,3.0,2.0,0.0,3.0,15.0,15.0,8.0,4,3,1,0,0,0,0,0,0
DAJ Bracewell,12.0,9.0,133.33333333333331,0.0,1.0,0.0,1.0,6.0,1.0,0.0,0,0,0,0,0,0,0,0,0
DJ Harris,111.0,103.0,107.76699029126213,5.0,11.0,0.0,2.0,33.0,52.0,3.0,3,0,0,0,0,0,0,0,0
Ankit Sharma,62.0,53.0,116.98113207547169,3.0,5.0,0.0,4.0,16.0,25.0,6.0,6,0,0,0,0,0,0,0,0
SP Narine,47.0,58.0,81.0344827586207,2.0,2.0,0.0,2.0,23.0,29.0,5.0,3,2,0,0,0,0,0,0,0
GB Hogg,22.0,22.0,100.0,0.0,1.0,0.0,2.0,14.0,5.0,2.0,2,0,0,0,0,0,0,0,0
RR Bhatkal,0.0,2.0,0.0,0.0,0.0,0.0,0.0,0.0,2.0,2.0,1,0,1,0,0,0,0,0,0
CJ McKay,8.0,15.0,53.33333333333334,0.0,0.0,0.0,1.0,6.0,8.0,1.0,1,0,0,0,0,0,0,0,0
N Saini,140.0,143.0,97.9020979020979,0.0,16.0,1.0,15.0,43.0,68.0,11.0,5,1,1,2,0,0,2,0,0
DA Miller,1480.0,1053.0,140.55080721747387,74.0,100.0,1.0,101.0,431.0,346.0,42.0,25,10,2,3,0,2,0,0,0
Azhar Mahmood,388.0,311.0,124.75884244372992,13.0,39.0,0.0,19.0,116.0,124.0,19.0,9,2,3,3,0,1,1,0,0
P Negi,209.0,170.0,122.94117647058823,9.0,16.0,1.0,13.0,62.0,69.0,11.0,4,3,2,0,0,2,0,0,0
RJ Peterson,32.0,32.0,100.0,1.0,3.0,0.0,1.0,12.0,15.0,3.0,1,0,2,0,0,0,0,0,0
KMDN Kulasekara,5.0,3.0,166.66666666666669,0.0,1.0,0.0,0.0,1.0,1.0,0.0,0,0,0,0,0,0,0,0,0
A Ashish Reddy,280.0,196.0,142.85714285714286,15.0,16.0,1.0,20.0,83.0,61.0,15.0,8,5,2,0,0,0,0,0,0
V Pratap Singh,0.0,1.0,0.0,0.0,0.0,0.0,0.0,0.0,1.0,1.0,1,0,0,0,0,0,0,0,0
BB Samantray,125.0,116.0,107.7586206896552,2.0,13.0,0.0,8.0,45.0,48.0,5.0,2,1,1,1,0,0,0,0,0
MJ Clarke,98.0,96.0,102.08333333333331,0.0,12.0,0.0,5.0,35.0,43.0,6.0,1,1,1,2,0,1,0,0,0
Gurkeerat Singh,342.0,280.0,122.14285714285715,9.0,36.0,0.0,16.0,112.0,107.0,23.0,9,4,4,2,0,2,2,0,0
AP Majumdar,87.0,77.0,112.987012987013,2.0,7.0,0.0,7.0,33.0,28.0,4.0,1,1,0,0,0,1,1,0,0
PA Reddy,164.0,167.0,98.20359281437125,2.0,15.0,1.0,12.0,65.0,72.0,10.0,6,2,1,0,0,1,0,0,0
K Upadhyay,12.0,9.0,133.33333333333331,1.0,0.0,0.0,1.0,4.0,3.0,0.0,0,0,0,0,0,0,0,0,0
P Awana,5.0,14.0,35.714285714285715,0.0,0.0,0.0,0.0,5.0,9.0,3.0,2,0,1,0,0,0,0,0,0
AD Russell,574.0,350.0,164.0,37.0,48.0,0.0,23.0,114.0,128.0,20.0,10,7,1,0,0,0,2,0,0
A Chandila,4.0,7.0,57.14285714285714,0.0,0.0,0.0,0.0,4.0,3.0,1.0,0,0,1,0,0,0,0,0,0
CA Lynn,89.0,85.0,104.7058823529412,4.0,6.0,0.0,6.0,29.0,40.0,4.0,2,2,0,0,0,0,0,0,0
Sunny Gupta,0.0,1.0,0.0,0.0,0.0,0.0,0.0,0.0,1.0,1.0,0,0,0,0,0,1,0,0,0
MC Juneja,125.0,134.0,93.28358208955223,1.0,11.0,0.0,7.0,61.0,54.0,7.0,5,0,1,1,0,0,0,0,0
KK Nair,877.0,700.0,125.28571428571428,20.0,96.0,3.0,58.0,243.0,279.0,34.0,19,5,2,5,0,2,1,0,0
GH Vihari,280.0,323.0,86.68730650154802,1.0,23.0,1.0,23.0,133.0,142.0,18.0,16,0,1,0,0,1,0,0,0
MDKJ Perera,14.0,13.0,107.69230769230772,0.0,3.0,0.0,0.0,2.0,8.0,2.0,1,0,0,1,0,0,0,0,0
R Shukla,19.0,23.0,82.6086956521739,0.0,2.0,0.0,0.0,11.0,10.0,2.0,1,0,1,0,0,0,0,0,0
B Laughlin,4.0,9.0,44.444444444444436,0.0,0.0,0.0,0.0,4.0,5.0,1.0,0,1,0,0,0,0,0,0,0
AS Rajpoot,2.0,6.0,33.33333333333333,0.0,0.0,0.0,1.0,0.0,5.0,0.0,0,0,0,0,0,0,0,0,0
M Vohra,728.0,580.0,125.51724137931036,26.0,72.0,7.0,46.0,166.0,262.0,29.0,16,5,3,1,0,0,4,0,0
JD Unadkat,3.0,8.0,37.5,0.0,0.0,0.0,0.0,3.0,5.0,1.0,1,0,0,0,0,0,0,0,0
Mohammed Shami,10.0,22.0,45.45454545454545,0.0,0.0,0.0,1.0,8.0,13.0,3.0,2,1,0,0,0,0,0,0,0
BMAJ Mendis,23.0,27.0,85.18518518518519,0.0,0.0,0.0,4.0,15.0,8.0,3.0,1,0,1,0,0,0,1,0,0
R Rampaul,51.0,52.0,98.07692307692308,2.0,3.0,0.0,6.0,15.0,26.0,5.0,4,0,0,1,0,0,0,0,0
CH Morris,285.0,178.0,160.11235955056182,17.0,18.0,0.0,21.0,69.0,53.0,8.0,2,3,3,0,0,0,0,0,0
SV Samson,1040.0,890.0,116.85393258426966,38.0,80.0,5.0,62.0,353.0,352.0,41.0,26,6,1,3,0,3,2,0,0
SMSM Senanayake,10.0,17.0,58.82352941176471,0.0,0.0,0.0,1.0,8.0,8.0,1.0,0,0,1,0,0,0,0,0,0
BJ Rohrer,193.0,146.0,132.1917808219178,5.0,21.0,1.0,14.0,48.0,57.0,7.0,3,4,0,0,0,0,0,0,0
KL Rahul,725.0,592.0,122.4662162162162,24.0,61.0,3.0,41.0,246.0,217.0,26.0,14,7,3,2,0,0,0,0,0
Q de Kock,726.0,566.0,128.26855123674915,21.0,90.0,3.0,19.0,188.0,244.0,25.0,19,2,1,1,0,1,1,0,0
R Dhawan,153.0,135.0,113.33333333333331,4.0,13.0,1.0,13.0,48.0,56.0,7.0,2,1,1,2,0,1,0,0,0
MG Johnson,131.0,140.0,93.57142857142857,6.0,7.0,0.0,11.0,45.0,71.0,14.0,6,6,1,0,0,1,0,0,0
LJ Wright,106.0,63.0,168.25396825396825,3.0,16.0,0.0,2.0,20.0,22.0,4.0,4,0,0,0,0,0,0,0,0
IC Pandey,0.0,2.0,0.0,0.0,0.0,0.0,0.0,0.0,2.0,1.0,0,1,0,0,0,0,0,0,0
CM Gautam,169.0,158.0,106.96202531645572,6.0,17.0,3.0,8.0,40.0,84.0,9.0,7,0,0,1,0,1,0,0,0
X Thalaivan Sargunam,10.0,17.0,58.82352941176471,0.0,0.0,0.0,2.0,6.0,9.0,1.0,0,0,0,0,0,0,1,0,0
DJG Sammy,295.0,251.0,117.52988047808763,18.0,15.0,1.0,15.0,94.0,108.0,15.0,10,1,1,2,0,1,0,0,0
KW Richardson,36.0,39.0,92.30769230769228,1.0,2.0,0.0,3.0,16.0,17.0,3.0,2,0,0,0,0,0,1,0,0
MM Sharma,61.0,53.0,115.09433962264151,3.0,4.0,1.0,3.0,18.0,24.0,7.0,4,2,1,0,0,0,0,0,0
UA Birla,7.0,15.0,46.66666666666666,0.0,1.0,0.0,0.0,3.0,11.0,1.0,0,1,0,0,0,0,0,0,0
Parvez Rasool,17.0,20.0,85.0,0.0,1.0,0.0,1.0,11.0,7.0,2.0,1,0,0,0,0,0,1,0,0
Sandeep Sharma (1),0.0,1.0,0.0,0.0,0.0,0.0,0.0,0.0,1.0,0.0,0,0,0,0,0,0,0,0,0
S Kaul,9.0,11.0,81.81818181818183,0.0,0.0,0.0,3.0,3.0,5.0,0.0,0,0,0,0,0,0,0,0,0
Sachin Baby,122.0,89.0,137.07865168539323,5.0,9.0,0.0,12.0,32.0,31.0,6.0,2,0,2,1,0,0,1,0,0
PV Tambe,18.0,39.0,46.153846153846146,0.0,1.0,0.0,0.0,14.0,24.0,1.0,1,0,0,0,0,0,0,0,0
NM Coulter-Nile,38.0,40.0,95.0,2.0,3.0,0.0,1.0,12.0,22.0,4.0,1,2,0,1,0,0,0,0,0
CJ Anderson,379.0,284.0,133.45070422535213,21.0,32.0,1.0,19.0,84.0,127.0,12.0,8,2,1,0,0,1,0,0,0
NJ Maddinson,20.0,21.0,95.23809523809523,0.0,4.0,1.0,0.0,1.0,15.0,3.0,1,2,0,0,0,0,0,0,0
AR Patel,379.0,323.0,117.3374613003096,17.0,23.0,0.0,18.0,149.0,116.0,21.0,11,4,3,1,0,2,0,0,0
JJ Bumrah,9.0,15.0,60.0,0.0,1.0,0.0,0.0,5.0,9.0,2.0,1,0,1,0,0,0,0,0,0
JDS Neesham,42.0,46.0,91.30434782608695,1.0,3.0,0.0,7.0,10.0,25.0,3.0,3,0,0,0,0,0,0,0,0
TG Southee,47.0,33.0,142.42424242424244,2.0,3.0,0.0,5.0,13.0,10.0,4.0,2,1,1,0,0,0,0,0,0
MA Starc,96.0,98.0,97.95918367346935,0.0,10.0,0.0,9.0,38.0,41.0,6.0,4,1,1,0,0,0,0,0,0
Sandeep Sharma,19.0,28.0,67.85714285714286,0.0,1.0,0.0,0.0,15.0,12.0,1.0,0,0,0,0,0,0,1,0,0
BR Dunk,40.0,36.0,111.11111111111113,0.0,7.0,0.0,3.0,6.0,20.0,3.0,2,1,0,0,0,0,0,0,0
RR Rossouw,53.0,51.0,103.921568627451,3.0,3.0,0.0,3.0,17.0,25.0,6.0,1,3,1,1,0,0,0,0,0
Shivam Sharma,5.0,3.0,166.66666666666669,0.0,1.0,0.0,0.0,1.0,1.0,1.0,0,1,0,0,0,0,0,0,0
YS Chahal,2.0,3.0,66.66666666666666,0.0,0.0,0.0,0.0,2.0,1.0,0.0,0,0,0,0,0,0,0,0,0
LMP Simmons,942.0,762.0,123.62204724409449,36.0,99.0,2.0,44.0,236.0,345.0,21.0,13,5,1,2,0,0,0,0,0
VH Zol,29.0,26.0,111.53846153846158,1.0,3.0,0.0,2.0,7.0,13.0,2.0,1,1,0,0,0,0,0,0,0
BCJ Cutting,73.0,43.0,169.76744186046508,7.0,4.0,0.0,3.0,9.0,20.0,3.0,1,0,1,0,0,1,0,0,0
Imran Tahir,18.0,23.0,78.26086956521739,0.0,3.0,0.0,1.0,4.0,15.0,4.0,2,1,1,0,0,0,0,0,0
BE Hendricks,1.0,3.0,33.33333333333333,0.0,0.0,0.0,0.0,1.0,2.0,1.0,0,1,0,0,0,0,0,0,0
S Gopal,14.0,27.0,51.85185185185186,0.0,1.0,0.0,0.0,10.0,16.0,2.0,1,0,1,0,0,0,0,0,0
M de Lange,1.0,2.0,50.0,0.0,0.0,0.0,0.0,1.0,1.0,1.0,1,0,0,0,0,0,0,0,0
R Tewatia,16.0,13.0,123.07692307692308,1.0,0.0,0.0,3.0,4.0,5.0,1.0,1,0,0,0,0,0,0,0,0
JO Holder,38.0,32.0,118.75,2.0,4.0,0.0,2.0,6.0,18.0,5.0,3,0,2,0,0,0,0,0,0
Karanveer Singh,12.0,17.0,70.58823529411767,0.0,1.0,0.0,1.0,6.0,9.0,1.0,0,1,0,0,0,0,0,0,0
SS Iyer,469.0,406.0,115.51724137931036,22.0,43.0,0.0,18.0,129.0,194.0,19.0,11,4,0,3,0,0,1,0,0
DJ Hooda,295.0,224.0,131.69642857142858,16.0,15.0,0.0,25.0,89.0,79.0,20.0,11,4,2,1,0,1,0,1,0
Anureet Singh,18.0,31.0,58.064516129032256,1.0,0.0,0.0,0.0,12.0,18.0,3.0,2,1,0,0,0,0,0,0,0
KS Williamson,155.0,155.0,100.0,1.0,15.0,1.0,4.0,78.0,56.0,7.0,5,1,0,0,0,1,0,0,0
SA Abbott,15.0,13.0,115.38461538461536,1.0,1.0,0.0,1.0,3.0,7.0,1.0,1,0,0,0,0,0,0,0,0
J Suchith,48.0,33.0,145.45454545454547,2.0,4.0,0.0,5.0,10.0,12.0,1.0,1,0,0,0,0,0,0,0,0
RG More,2.0,2.0,100.0,0.0,0.0,0.0,0.0,2.0,0.0,0.0,0,0,0,0,0,0,0,0,0
HH Pandya,156.0,134.0,116.41791044776122,8.0,13.0,0.0,5.0,46.0,62.0,12.0,10,1,0,0,0,1,0,0,0
D Wiese,127.0,94.0,135.10638297872342,4.0,12.0,0.0,6.0,43.0,29.0,5.0,4,0,1,0,0,0,0,0,0
SN Khan,177.0,103.0,171.84466019417476,6.0,19.0,0.0,12.0,41.0,25.0,8.0,5,0,3,0,0,0,0,0,0
MJ McClenaghan,47.0,29.0,162.0689655172414,5.0,2.0,0.0,0.0,9.0,13.0,4.0,4,0,0,0,0,0,0,0,0
DJ Muthuswami,1.0,3.0,33.33333333333333,0.0,0.0,0.0,0.0,1.0,2.0,1.0,0,0,1,0,0,0,0,0,0
PJ Cummins,0.0,2.0,0.0,0.0,0.0,0.0,0.0,0.0,2.0,1.0,1,0,0,0,0,0,0,0,0
SN Thakur,7.0,6.0,116.66666666666669,0.0,1.0,0.0,0.0,3.0,2.0,0.0,0,0,0,0,0,0,0,0,0
JC Buttler,255.0,189.0,134.92063492063494,11.0,23.0,0.0,14.0,69.0,72.0,11.0,7,1,0,1,0,1,1,0,0
CR Brathwaite,83.0,40.0,207.50000000000003,8.0,6.0,0.0,2.0,7.0,17.0,6.0,5,0,0,1,0,0,0,0,0
MP Stoinis,146.0,111.0,131.53153153153156,4.0,13.0,0.0,14.0,42.0,38.0,4.0,3,0,0,0,0,1,0,0,0
Ishan Kishan,42.0,41.0,102.43902439024393,0.0,5.0,0.0,3.0,16.0,17.0,4.0,2,0,2,0,0,0,0,0,0
C Munro,30.0,31.0,96.77419354838707,0.0,3.0,0.0,3.0,12.0,13.0,1.0,1,0,0,0,0,0,0,0,0
P Sahu,19.0,13.0,146.15384615384613,1.0,1.0,0.0,2.0,5.0,4.0,0.0,0,0,0,0,0,0,0,0,0
KH Pandya,237.0,127.0,186.6141732283465,13.0,22.0,2.0,13.0,39.0,38.0,5.0,3,2,0,0,0,0,0,0,0
AD Nath,20.0,27.0,74.07407407407408,0.0,1.0,0.0,3.0,10.0,13.0,3.0,2,1,0,0,0,0,0,0,0
MJ Guptill,57.0,55.0,103.63636363636364,3.0,3.0,2.0,1.0,19.0,27.0,3.0,3,0,0,0,0,0,0,0,0
KJ Abbott,13.0,8.0,162.5,1.0,0.0,1.0,1.0,2.0,3.0,1.0,1,0,0,0,0,0,0,0,0
TM Head,54.0,42.0,128.57142857142858,2.0,3.0,0.0,7.0,16.0,14.0,2.0,1,0,1,0,0,0,0,0,0
M Ashwin,0.0,1.0,0.0,0.0,0.0,0.0,0.0,0.0,1.0,1.0,1,0,0,0,0,0,0,0,0
NS Naik,23.0,33.0,69.6969696969697,0.0,1.0,0.0,3.0,13.0,16.0,2.0,1,1,0,0,0,0,0,0,0
RR Pant,198.0,155.0,127.74193548387095,6.0,19.0,1.0,13.0,57.0,59.0,7.0,4,2,1,0,0,0,0,0,0
SW Billings,88.0,66.0,133.33333333333331,4.0,4.0,0.0,11.0,26.0,21.0,4.0,3,1,0,0,0,0,0,0,0
KC Cariappa,13.0,11.0,118.1818181818182,1.0,0.0,0.0,0.0,7.0,3.0,1.0,0,1,0,0,0,0,0,0,0
PSP Handscomb,6.0,12.0,50.0,0.0,0.0,0.0,0.0,6.0,6.0,1.0,1,0,0,0,0,0,0,0,0
Swapnil Singh,0.0,1.0,0.0,0.0,0.0,0.0,0.0,0.0,1.0,1.0,0,0,0,1,0,0,0,0,0
J Yadav,6.0,12.0,50.0,0.0,0.0,0.0,0.0,6.0,6.0,0.0,0,0,0,0,0,0,0,0,0
UT Khawaja,127.0,105.0,120.95238095238096,3.0,14.0,1.0,6.0,38.0,43.0,5.0,3,0,1,0,0,1,0,0,0
HM Amla,157.0,122.0,128.68852459016392,4.0,20.0,0.0,4.0,45.0,49.0,6.0,4,0,1,1,0,0,0,0,0
F Behardien,14.0,13.0,107.69230769230772,0.0,2.0,0.0,0.0,6.0,5.0,2.0,2,0,0,0,0,0,0,0,0
BB Sran,4.0,4.0,100.0,0.0,0.0,0.0,0.0,4.0,0.0,0.0,0,0,0,0,0,0,0,0,0
A Zampa,0.0,1.0,0.0,0.0,0.0,0.0,0.0,0.0,1.0,1.0,1,0,0,0,0,0,0,0,0
N Rana,104.0,78.0,133.33333333333331,8.0,7.0,0.0,2.0,24.0,37.0,3.0,3,0,0,0,0,0,0,0,0
S Kaushik,0.0,1.0,0.0,0.0,0.0,0.0,0.0,0.0,1.0,1.0,1,0,0,0,0,0,0,0,0
ER Dwivedi,24.0,15.0,160.0,2.0,2.0,0.0,0.0,4.0,7.0,2.0,2,0,0,0,0,0,0,0,0
CJ Jordan,3.0,4.0,75.0,0.0,0.0,0.0,1.0,1.0,2.0,0.0,0,0,0,0,0,0,0,0,0
